Date;Filière;Valeur (TWh);Nature
2014-01;"Production hydraulique";7,034639533891;Données Consolidées
2014-02;"Production hydraulique";7,064786514656;Données Consolidées
2014-03;"Production hydraulique";6,984440536949;Données Consolidées
2014-04;"Production hydraulique";5,786263851631;Données Consolidées
2014-05;"Production hydraulique";6,135081901023;Données Consolidées
2014-06;"Production hydraulique";4,962682604323;Données Consolidées
2014-07;"Production hydraulique";6,131025842262;Données Consolidées
2014-08;"Production hydraulique";5,273334897781;Données Consolidées
2014-09;"Production hydraulique";3,733771293807;Données Consolidées
2014-10;"Production hydraulique";3,757241677007;Données Consolidées
2014-11;"Production hydraulique";4,853922858355;Données Consolidées
2014-12;"Production hydraulique";5,729297941164;Données Consolidées
2015-01;"Production hydraulique";6,203325903133;Données Consolidées
2015-02;"Production hydraulique";6,3772892189;Données Consolidées
2015-03;"Production hydraulique";6,480549172385;Données Consolidées
2015-04;"Production hydraulique";5,728845515643;Données Consolidées
2015-05;"Production hydraulique";6,452224737918;Données Consolidées
2015-06;"Production hydraulique";5,589550623395;Données Consolidées
2015-07;"Production hydraulique";4,008137396331;Données Consolidées
2015-08;"Production hydraulique";3,410344410607;Données Consolidées
2015-09;"Production hydraulique";3,421187415148;Données Consolidées
2015-10;"Production hydraulique";3,873896780381;Données Consolidées
2015-11;"Production hydraulique";3,549972482574;Données Consolidées
2015-12;"Production hydraulique";3,657317523947;Données Consolidées
2016-01;"Production hydraulique";5,676766358149;Données Consolidées
2016-02;"Production hydraulique";6,939796386765;Données Consolidées
2016-03;"Production hydraulique";6,599527572951;Données Consolidées
2016-04;"Production hydraulique";6,461725228214;Données Consolidées
2016-05;"Production hydraulique";6,533701777164;Données Consolidées
2016-06;"Production hydraulique";7,157149687228;Données Consolidées
2016-07;"Production hydraulique";5,275702397734;Données Consolidées
2016-08;"Production hydraulique";3,854307189974;Données Consolidées
2016-09;"Production hydraulique";3,364324383004;Données Consolidées
2016-10;"Production hydraulique";3,056593947998;Données Consolidées
2016-11;"Production hydraulique";4,23961440261;Données Consolidées
2016-12;"Production hydraulique";4,474004966365;Données Consolidées
2017-01;"Production hydraulique";5,190193380738;Données Consolidées
2017-02;"Production hydraulique";4,533730248247;Données Consolidées
2017-03;"Production hydraulique";6,230751867588;Données Consolidées
2017-04;"Production hydraulique";4,144489700412;Données Consolidées
2017-05;"Production hydraulique";5,681809946758;Données Consolidées
2017-06;"Production hydraulique";5,05303113606;Données Consolidées
2017-07;"Production hydraulique";3,860121653777;Données Consolidées
2017-08;"Production hydraulique";3,471253535239;Données Consolidées
2017-09;"Production hydraulique";3,07240472185;Données Consolidées
2017-10;"Production hydraulique";2,717699210996;Données Consolidées
2017-11;"Production hydraulique";3,914307900223;Données Consolidées
2017-12;"Production hydraulique";5,301084300541;Données Consolidées
2018-01;"Production hydraulique";7,282318015495;Données Consolidées
2018-02;"Production hydraulique";7,145624436283;Données Consolidées
2018-03;"Production hydraulique";7,091014159521;Données Consolidées
2018-04;"Production hydraulique";6,926801210216;Données Consolidées
2018-05;"Production hydraulique";7,669843573731;Données Consolidées
2018-06;"Production hydraulique";7,532076253646;Données Consolidées
2018-07;"Production hydraulique";5,248934603143;Données Consolidées
2018-08;"Production hydraulique";3,873425100157;Données Consolidées
2018-09;"Production hydraulique";3,017641632311;Données Consolidées
2018-10;"Production hydraulique";2,913768060226;Données Consolidées
2018-11;"Production hydraulique";3,954562917473;Données Consolidées
2018-12;"Production hydraulique";5,146717464138;Données Consolidées
2019-01;"Production hydraulique";4,959895292553;Données Consolidées
2019-02;"Production hydraulique";5,027367684442;Données Consolidées
2019-03;"Production hydraulique";5,141943852027;Données Consolidées
2019-04;"Production hydraulique";4,479664121674;Données Consolidées
2019-05;"Production hydraulique";5,526376232983;Données Consolidées
2019-06;"Production hydraulique";5,734735977289;Données Consolidées
2019-07;"Production hydraulique";4,367765549022;Données Consolidées
2019-08;"Production hydraulique";3,733523167768;Données Consolidées
2019-09;"Production hydraulique";2,56055113276;Données Consolidées
2019-10;"Production hydraulique";3,771402464195;Données Consolidées
2019-11;"Production hydraulique";6,44664801984;Données Consolidées
2019-12;"Production hydraulique";7,823731682213;Données Consolidées
2020-01;"Production hydraulique";6,299329859324;Données Consolidées
2020-02;"Production hydraulique";6,272057613346;Données Consolidées
2020-03;"Production hydraulique";7,321267224201;Données Consolidées
2020-04;"Production hydraulique";5,059091900617;Données Consolidées
2020-05;"Production hydraulique";6,66250669804;Données Consolidées
2020-06;"Production hydraulique";6,34056986465;Données Consolidées
2020-07;"Production hydraulique";4,585009523831;Données Consolidées
2020-08;"Production hydraulique";3,673292474969;Données Consolidées
2020-09;"Production hydraulique";3,346188739191;Données Consolidées
2020-10;"Production hydraulique";5,137003121791;Données Consolidées
2020-11;"Production hydraulique";4,49626629959;Données Consolidées
2020-12;"Production hydraulique";5,737481608426;Données Consolidées
2021-01;"Production hydraulique";7,268982367002;Données Consolidées
2021-02;"Production hydraulique";6,847100274679;Données Consolidées
2021-03;"Production hydraulique";5,881466870672;Données Consolidées
2021-04;"Production hydraulique";3,973147523119;Données Consolidées
2021-05;"Production hydraulique";6,216259008004;Données Consolidées
2021-06;"Production hydraulique";6,180734267226;Données Consolidées
2021-07;"Production hydraulique";5,571181228816;Données Consolidées
2021-08;"Production hydraulique";4,380674628103;Données Consolidées
2021-09;"Production hydraulique";3,393283295936;Données Consolidées
2021-10;"Production hydraulique";2,998764652032;Données Consolidées
2021-11;"Production hydraulique";3,974061686757;Données Consolidées
2021-12;"Production hydraulique";5,290325202754;Données Consolidées
2022-01;"Production hydraulique";5,874375457776;Données Consolidées
2022-02;"Production hydraulique";4,375312778059;Données Consolidées
2022-03;"Production hydraulique";4,557519384322;Données Consolidées
2022-04;"Production hydraulique";5,060325015958;Données Consolidées
2022-05;"Production hydraulique";5,024761397055;Données Consolidées
2022-06;"Production hydraulique";4,006507914419;Données Consolidées
2022-07;"Production hydraulique";3,465020927829;Données Consolidées
2022-08;"Production hydraulique";2,690399643293;Données Consolidées
2022-09;"Production hydraulique";2,444918481542;Données Consolidées
2022-10;"Production hydraulique";3,038227637682;Données Consolidées
2022-11;"Production hydraulique";3,893077785443;Données Consolidées
2022-12;"Production hydraulique";5,19069028949;Données Consolidées
2023-01;"Production hydraulique";6,373296864879;Données Consolidées
2023-02;"Production hydraulique";3,592902807646;Données Consolidées
2023-03;"Production hydraulique";4,633182055736;Données Consolidées
2023-04;"Production hydraulique";4,591448955599;Données Consolidées
2023-05;"Production hydraulique";5,402470944334;Données Consolidées
2023-06;"Production hydraulique";5,780606885076;Données Consolidées
2023-07;"Production hydraulique";3,996524047369;Données Consolidées
2023-08;"Production hydraulique";3,588527979553;Données Consolidées
2023-09;"Production hydraulique";3,186928500713;Données Consolidées
2023-10;"Production hydraulique";3,590834234031;Données Consolidées
2023-11;"Production hydraulique";6,674770670804;Données Consolidées
2023-12;"Production hydraulique";7,426552262493;Données Consolidées
2024-01;"Production hydraulique";7,815827521475;Données Consolidées
2024-02;"Production hydraulique";6,355067975556;Données Consolidées
2024-03;"Production hydraulique";7,524687649862;Données Consolidées
2024-04;"Production hydraulique";6,155744238977;Données Consolidées
2024-05;"Production hydraulique";7,75385096019;Données Consolidées
2024-06;"Production hydraulique";6,674425529003;Données Consolidées
2024-07;"Production hydraulique";5,933207645122;Données Consolidées
2024-08;"Production hydraulique";4,269931577797;Données Consolidées
2024-09;"Production hydraulique";4,017228074196;Données Consolidées
2024-10;"Production hydraulique";6,517675081464;Données Consolidées
2024-11;"Production hydraulique";5,27165577904;Données Consolidées
2024-12;"Production hydraulique";6,772651083668;Données Consolidées
2025-01;"Production hydraulique";7,278224430615;Données Consolidées
2025-02;"Production hydraulique";6,503228609926;Données Consolidées
2025-03;"Production hydraulique";5,466748990289;Données Consolidées
2025-04;"Production hydraulique";5,08555405043;Données Consolidées
2025-05;"Production hydraulique";5,554040864488;Données Consolidées
2025-06;"Production hydraulique";5,203732679991;Données Consolidées
2025-07;"Production hydraulique";3,747492689121;Données Consolidées
2025-08;"Production hydraulique";3,380684325602;Données Consolidées
2025-09;"Production hydraulique";3,635718329919;Données Consolidées
2025-10;"Production hydraulique";4,142655186424;Données Consolidées
2025-11;"Production hydraulique";5,8055467048;Données Consolidées
2014-01;"Autre";0,047746389;Données Consolidées
2014-02;"Autre";0,041731952;Données Consolidées
2014-03;"Autre";0,049049;Données Consolidées
2014-04;"Autre";0,039571071;Données Consolidées
2014-05;"Autre";0,051432819;Données Consolidées
2014-06;"Autre";0,0481873;Données Consolidées
2014-07;"Autre";0,05241944;Données Consolidées
2014-08;"Autre";0,050608586;Données Consolidées
2014-09;"Autre";0,044302949;Données Consolidées
2014-10;"Autre";0,047254368;Données Consolidées
2014-11;"Autre";0,048821327;Données Consolidées
2014-12;"Autre";0,051834087;Données Consolidées
2015-01;"Autre";0,052683338;Données Consolidées
2015-02;"Autre";0,048081531;Données Consolidées
2015-03;"Autre";0,051939754;Données Consolidées
2015-04;"Autre";0,052707992;Données Consolidées
2015-05;"Autre";0,050176333;Données Consolidées
2015-06;"Autre";0,053418968;Données Consolidées
2015-07;"Autre";0,046112827;Données Consolidées
2015-08;"Autre";0,048422452;Données Consolidées
2015-09;"Autre";0,042472179;Données Consolidées
2015-10;"Autre";0,046063657;Données Consolidées
2015-11;"Autre";0,042982929;Données Consolidées
2015-12;"Autre";0,04397228;Données Consolidées
2016-01;"Autre";0,043207033;Données Consolidées
2016-02;"Autre";0,039552802;Données Consolidées
2016-03;"Autre";0,043398055;Données Consolidées
2016-04;"Autre";0,041446417;Données Consolidées
2016-05;"Autre";0,045917566;Données Consolidées
2016-06;"Autre";0,044794574;Données Consolidées
2016-07;"Autre";0,048054184;Données Consolidées
2016-08;"Autre";0,047258953;Données Consolidées
2016-09;"Autre";0,042945449;Données Consolidées
2016-10;"Autre";0,045567767;Données Consolidées
2016-11;"Autre";0,043190037;Données Consolidées
2016-12;"Autre";0,045831009;Données Consolidées
2017-01;"Autre";0,046646498;Données Consolidées
2017-02;"Autre";0,042954238;Données Consolidées
2017-03;"Autre";0,049289345;Données Consolidées
2017-04;"Autre";0,045762607;Données Consolidées
2017-05;"Autre";0,049732711;Données Consolidées
2017-06;"Autre";0,043923797;Données Consolidées
2017-07;"Autre";0,046927083;Données Consolidées
2017-08;"Autre";0,04646579;Données Consolidées
2017-09;"Autre";0,045441976;Données Consolidées
2017-10;"Autre";0,044647376;Données Consolidées
2017-11;"Autre";0,044709255;Données Consolidées
2017-12;"Autre";0,047372449;Données Consolidées
2018-01;"Autre";0,04851587;Données Consolidées
2018-02;"Autre";0,035360532;Données Consolidées
2018-03;"Autre";0,032372624;Données Consolidées
2018-04;"Autre";0,04059762;Données Consolidées
2018-05;"Autre";0,045779432;Données Consolidées
2018-06;"Autre";0,041678741;Données Consolidées
2018-07;"Autre";0,045445902;Données Consolidées
2018-08;"Autre";0,048882331;Données Consolidées
2018-09;"Autre";0,047300074;Données Consolidées
2018-10;"Autre";0,043257362;Données Consolidées
2018-11;"Autre";0,040782234;Données Consolidées
2018-12;"Autre";0,041342355;Données Consolidées
2019-01;"Autre";0,040716156;Données Consolidées
2019-02;"Autre";0,039169741;Données Consolidées
2019-03;"Autre";0,038037496;Données Consolidées
2019-04;"Autre";0,040771364;Données Consolidées
2019-05;"Autre";0,044989522;Données Consolidées
2019-06;"Autre";0,045679137;Données Consolidées
2019-07;"Autre";0,047684586;Données Consolidées
2019-08;"Autre";0,049970817;Données Consolidées
2019-09;"Autre";0,046223143;Données Consolidées
2019-10;"Autre";0,047843983;Données Consolidées
2019-11;"Autre";0,044279685;Données Consolidées
2019-12;"Autre";0,045936305;Données Consolidées
2020-01;"Autre";0,046955953;Données Consolidées
2020-02;"Autre";0,0433422;Données Consolidées
2020-03;"Autre";0,046304848;Données Consolidées
2020-04;"Autre";0,044571801;Données Consolidées
2020-05;"Autre";0,043966595;Données Consolidées
2020-06;"Autre";0,042408241;Données Consolidées
2020-07;"Autre";0,047693907;Données Consolidées
2020-08;"Autre";0,046059741;Données Consolidées
2020-09;"Autre";0,044777041;Données Consolidées
2020-10;"Autre";0,042857498;Données Consolidées
2020-11;"Autre";0,044018065;Données Consolidées
2020-12;"Autre";0,047282827;Données Consolidées
2021-01;"Autre";0,047218183;Données Consolidées
2021-02;"Autre";0,043131436;Données Consolidées
2021-03;"Autre";0,050321193;Données Consolidées
2021-04;"Autre";0,047290814;Données Consolidées
2021-05;"Autre";0,04720022;Données Consolidées
2021-06;"Autre";0,043476717;Données Consolidées
2021-07;"Autre";0,04504117;Données Consolidées
2021-08;"Autre";0,04416496;Données Consolidées
2021-09;"Autre";0,043250785;Données Consolidées
2021-10;"Autre";0,041230666;Données Consolidées
2021-11;"Autre";0,044689258;Données Consolidées
2021-12;"Autre";0,04641015;Données Consolidées
2022-01;"Autre";0,102334779409;Données Consolidées
2022-02;"Autre";0,078245430928;Données Consolidées
2022-03;"Autre";0,078881314642;Données Consolidées
2022-04;"Autre";0,109472636119;Données Consolidées
2022-05;"Autre";0,107369246366;Données Consolidées
2022-06;"Autre";0,057300768007;Données Consolidées
2022-07;"Autre";0,056749043983;Données Consolidées
2022-08;"Autre";0,059818996057;Données Consolidées
2022-09;"Autre";0,056206200439;Données Consolidées
2022-10;"Autre";0,058902116365;Données Consolidées
2022-11;"Autre";0,09040481475;Données Consolidées
2022-12;"Autre";0,1393179382;Données Consolidées
2023-01;"Autre";0,141724676883;Données Consolidées
2023-02;"Autre";0,118459136996;Données Consolidées
2023-03;"Autre";0,130722603929;Données Consolidées
2023-04;"Autre";0,091195391865;Données Consolidées
2023-05;"Autre";0,09400344129;Données Consolidées
2023-06;"Autre";0,082202594713;Données Consolidées
2023-07;"Autre";0,056458018443;Données Consolidées
2023-08;"Autre";0,062926447665;Données Consolidées
2023-09;"Autre";0,063186969029;Données Consolidées
2023-10;"Autre";0,076100139781;Données Consolidées
2023-11;"Autre";0,133457389945;Données Consolidées
2023-12;"Autre";0,132223088215;Données Consolidées
2024-01;"Autre";0,101835669846;Données Consolidées
2024-02;"Autre";0,105213697464;Données Consolidées
2024-03;"Autre";0,140553234193;Données Consolidées
2024-04;"Autre";0,096555337457;Données Consolidées
2024-05;"Autre";0,106160674131;Données Consolidées
2024-06;"Autre";0,061240317139;Données Consolidées
2024-07;"Autre";0,066108774588;Données Consolidées
2024-08;"Autre";0,064415979605;Données Consolidées
2024-09;"Autre";0,063892984353;Données Consolidées
2024-10;"Autre";0,092870559419;Données Consolidées
2024-11;"Autre";0,080375772056;Données Consolidées
2024-12;"Autre";0,094646045289;Données Consolidées
2025-01;"Autre";0,123184128145;Données Consolidées
2025-02;"Autre";0,096135497007;Données Consolidées
2025-03;"Autre";0,135916718397;Données Consolidées
2025-04;"Autre";0,140739364659;Données Consolidées
2025-05;"Autre";0,103464879413;Données Consolidées
2025-06;"Autre";0,057653347015;Données Consolidées
2025-07;"Autre";0,059414206301;Données Consolidées
2025-08;"Autre";0,062797759983;Données Consolidées
2025-09;"Autre";0,055618136474;Données Consolidées
2025-10;"Autre";0,062421601818;Données Consolidées
2025-11;"Autre";0,067105106212;Données Consolidées
2014-01;"Eclusée";1,218403400684;Données Consolidées
2014-02;"Eclusée";1,284501254812;Données Consolidées
2014-03;"Eclusée";1,214924493732;Données Consolidées
2014-04;"Eclusée";1,008778302271;Données Consolidées
2014-05;"Eclusée";1,001983049805;Données Consolidées
2014-06;"Eclusée";0,771860631209;Données Consolidées
2014-07;"Eclusée";0,801626414012;Données Consolidées
2014-08;"Eclusée";0,574601243855;Données Consolidées
2014-09;"Eclusée";0,378145333045;Données Consolidées
2014-10;"Eclusée";0,421576909055;Données Consolidées
2014-11;"Eclusée";0,718377537857;Données Consolidées
2014-12;"Eclusée";0,978574019485;Données Consolidées
2015-01;"Eclusée";0,837730809879;Données Consolidées
2015-02;"Eclusée";0,967501260194;Données Consolidées
2015-03;"Eclusée";1,140263185859;Données Consolidées
2015-04;"Eclusée";0,968408207634;Données Consolidées
2015-05;"Eclusée";0,987669253741;Données Consolidées
2015-06;"Eclusée";0,715373912058;Données Consolidées
2015-07;"Eclusée";0,430976527033;Données Consolidées
2015-08;"Eclusée";0,331732300493;Données Consolidées
2015-09;"Eclusée";0,410947236821;Données Consolidées
2015-10;"Eclusée";0,522486572004;Données Consolidées
2015-11;"Eclusée";0,413088478006;Données Consolidées
2015-12;"Eclusée";0,436309274513;Données Consolidées
2016-01;"Eclusée";0,924017046007;Données Consolidées
2016-02;"Eclusée";1,25261796305;Données Consolidées
2016-03;"Eclusée";1,159126260724;Données Consolidées
2016-04;"Eclusée";1,125684836145;Données Consolidées
2016-05;"Eclusée";1,07182526367;Données Consolidées
2016-06;"Eclusée";1,153565930238;Données Consolidées
2016-07;"Eclusée";0,575227498965;Données Consolidées
2016-08;"Eclusée";0,314046389263;Données Consolidées
2016-09;"Eclusée";0,316383555774;Données Consolidées
2016-10;"Eclusée";0,340559716656;Données Consolidées
2016-11;"Eclusée";0,598430848415;Données Consolidées
2016-12;"Eclusée";0,628782825374;Données Consolidées
2017-01;"Eclusée";0,719445346797;Données Consolidées
2017-02;"Eclusée";0,780135124255;Données Consolidées
2017-03;"Eclusée";1,114349204675;Données Consolidées
2017-04;"Eclusée";0,725070842464;Données Consolidées
2017-05;"Eclusée";0,877009433332;Données Consolidées
2017-06;"Eclusée";0,647772888516;Données Consolidées
2017-07;"Eclusée";0,453589789278;Données Consolidées
2017-08;"Eclusée";0,3037413789;Données Consolidées
2017-09;"Eclusée";0,28897129398;Données Consolidées
2017-10;"Eclusée";0,256626548748;Données Consolidées
2017-11;"Eclusée";0,431204096474;Données Consolidées
2017-12;"Eclusée";0,811043684418;Données Consolidées
2018-01;"Eclusée";1,503628998573;Données Consolidées
2018-02;"Eclusée";1,199832140573;Données Consolidées
2018-03;"Eclusée";1,283508251257;Données Consolidées
2018-04;"Eclusée";1,269527250634;Données Consolidées
2018-05;"Eclusée";1,359354258358;Données Consolidées
2018-06;"Eclusée";1,223733310022;Données Consolidées
2018-07;"Eclusée";0,683651049326;Données Consolidées
2018-08;"Eclusée";0,43662159516;Données Consolidées
2018-09;"Eclusée";0,343599285356;Données Consolidées
2018-10;"Eclusée";0,349163111823;Données Consolidées
2018-11;"Eclusée";0,620266621068;Données Consolidées
2018-12;"Eclusée";0,728139604502;Données Consolidées
2019-01;"Eclusée";0,629944556724;Données Consolidées
2019-02;"Eclusée";0,789696156894;Données Consolidées
2019-03;"Eclusée";0,786240904773;Données Consolidées
2019-04;"Eclusée";0,699068251336;Données Consolidées
2019-05;"Eclusée";0,91669214822;Données Consolidées
2019-06;"Eclusée";0,800519660351;Données Consolidées
2019-07;"Eclusée";0,469408425386;Données Consolidées
2019-08;"Eclusée";0,305796326165;Données Consolidées
2019-09;"Eclusée";0,228829188463;Données Consolidées
2019-10;"Eclusée";0,489564323523;Données Consolidées
2019-11;"Eclusée";1,142738208039;Données Consolidées
2019-12;"Eclusée";1,581108917875;Données Consolidées
2020-01;"Eclusée";0,999545033667;Données Consolidées
2020-02;"Eclusée";0,903818757999;Données Consolidées
2020-03;"Eclusée";1,253357310496;Données Consolidées
2020-04;"Eclusée";0,847306157333;Données Consolidées
2020-05;"Eclusée";1,091813048997;Données Consolidées
2020-06;"Eclusée";0,87629318217;Données Consolidées
2020-07;"Eclusée";0,522259105836;Données Consolidées
2020-08;"Eclusée";0,361158605162;Données Consolidées
2020-09;"Eclusée";0,385601851501;Données Consolidées
2020-10;"Eclusée";0,800106483336;Données Consolidées
2020-11;"Eclusée";0,626585395832;Données Consolidées
2020-12;"Eclusée";0,963747102497;Données Consolidées
2021-01;"Eclusée";1,313153638164;Données Consolidées
2021-02;"Eclusée";1,311438747832;Données Consolidées
2021-03;"Eclusée";0,935264936672;Données Consolidées
2021-04;"Eclusée";0,594480656657;Données Consolidées
2021-05;"Eclusée";0,966266017991;Données Consolidées
2021-06;"Eclusée";0,785808696341;Données Consolidées
2021-07;"Eclusée";0,728268335328;Données Consolidées
2021-08;"Eclusée";0,427879345161;Données Consolidées
2021-09;"Eclusée";0,388384210144;Données Consolidées
2021-10;"Eclusée";0,350164347501;Données Consolidées
2021-11;"Eclusée";0,5171338305;Données Consolidées
2021-12;"Eclusée";0,846272535173;Données Consolidées
2022-01;"Eclusée";0,940386711338;Données Consolidées
2022-02;"Eclusée";0,603607057388;Données Consolidées
2022-03;"Eclusée";0,725574393122;Données Consolidées
2022-04;"Eclusée";0,818849574082;Données Consolidées
2022-05;"Eclusée";0,767948161003;Données Consolidées
2022-06;"Eclusée";0,461636482253;Données Consolidées
2022-07;"Eclusée";0,332744074674;Données Consolidées
2022-08;"Eclusée";0,219702433341;Données Consolidées
2022-09;"Eclusée";0,192065200999;Données Consolidées
2022-10;"Eclusée";0,258342664989;Données Consolidées
2022-11;"Eclusée";0,44165572196;Données Consolidées
2022-12;"Eclusée";0,682934196619;Données Consolidées
2023-01;"Eclusée";0,862454419502;Données Consolidées
2023-02;"Eclusée";0,434187024483;Données Consolidées
2023-03;"Eclusée";0,716186450499;Données Consolidées
2023-04;"Eclusée";0,700148858526;Données Consolidées
2023-05;"Eclusée";0,852053158034;Données Consolidées
2023-06;"Eclusée";0,856012444962;Données Consolidées
2023-07;"Eclusée";0,420430965081;Données Consolidées
2023-08;"Eclusée";0,359858569059;Données Consolidées
2023-09;"Eclusée";0,283384864298;Données Consolidées
2023-10;"Eclusée";0,452891093132;Données Consolidées
2023-11;"Eclusée";1,058342022016;Données Consolidées
2023-12;"Eclusée";1,259814769549;Données Consolidées
2024-01;"Eclusée";1,138509360432;Données Consolidées
2024-02;"Eclusée";0,917972848248;Données Consolidées
2024-03;"Eclusée";1,276047801419;Données Consolidées
2024-04;"Eclusée";0,972696266375;Données Consolidées
2024-05;"Eclusée";1,412648838974;Données Consolidées
2024-06;"Eclusée";0,929644493858;Données Consolidées
2024-07;"Eclusée";0,688815745935;Données Consolidées
2024-08;"Eclusée";0,366801085691;Données Consolidées
2024-09;"Eclusée";0,435499096384;Données Consolidées
2024-10;"Eclusée";1,046515829452;Données Consolidées
2024-11;"Eclusée";0,766910079669;Données Consolidées
2024-12;"Eclusée";1,054680721039;Données Consolidées
2025-01;"Eclusée";1,185944270384;Données Consolidées
2025-02;"Eclusée";1,037714696557;Données Consolidées
2025-03;"Eclusée";0,80190761968;Données Consolidées
2025-04;"Eclusée";0,834552413532;Données Consolidées
2025-05;"Eclusée";0,882561046088;Données Consolidées
2025-06;"Eclusée";0,676128261816;Données Consolidées
2025-07;"Eclusée";0,378093719415;Données Consolidées
2025-08;"Eclusée";0,274598088394;Données Consolidées
2025-09;"Eclusée";0,27805406595;Données Consolidées
2025-10;"Eclusée";0,475644923058;Données Consolidées
2025-11;"Eclusée";0,844097944286;Données Consolidées
2014-01;"Fil de l’eau";3,23533371604;Données Consolidées
2014-02;"Fil de l’eau";2,952856604176;Données Consolidées
2014-03;"Fil de l’eau";3,060833901551;Données Consolidées
2014-04;"Fil de l’eau";2,660452293026;Données Consolidées
2014-05;"Fil de l’eau";3,170732989385;Données Consolidées
2014-06;"Fil de l’eau";2,54729381528;Données Consolidées
2014-07;"Fil de l’eau";3,353334632917;Données Consolidées
2014-08;"Fil de l’eau";3,004112977591;Données Consolidées
2014-09;"Fil de l’eau";1,897991383428;Données Consolidées
2014-10;"Fil de l’eau";1,908307262452;Données Consolidées
2014-11;"Fil de l’eau";2,461305742498;Données Consolidées
2014-12;"Fil de l’eau";2,564413595012;Données Consolidées
2015-01;"Fil de l’eau";3,027472749254;Données Consolidées
2015-02;"Fil de l’eau";2,724925244206;Données Consolidées
2015-03;"Fil de l’eau";3,115793504361;Données Consolidées
2015-04;"Fil de l’eau";3,276613379009;Données Consolidées
2015-05;"Fil de l’eau";3,575715062677;Données Consolidées
2015-06;"Fil de l’eau";2,952083196339;Données Consolidées
2015-07;"Fil de l’eau";2,129516006299;Données Consolidées
2015-08;"Fil de l’eau";1,784979856113;Données Consolidées
2015-09;"Fil de l’eau";1,674667955826;Données Consolidées
2015-10;"Fil de l’eau";1,663651868544;Données Consolidées
2015-11;"Fil de l’eau";1,607448632067;Données Consolidées
2015-12;"Fil de l’eau";1,655718135933;Données Consolidées
2016-01;"Fil de l’eau";2,762881067807;Données Consolidées
2016-02;"Fil de l’eau";3,165094099714;Données Consolidées
2016-03;"Fil de l’eau";2,986253913725;Données Consolidées
2016-04;"Fil de l’eau";3,430082149404;Données Consolidées
2016-05;"Fil de l’eau";3,780910578492;Données Consolidées
2016-06;"Fil de l’eau";3,741596542488;Données Consolidées
2016-07;"Fil de l’eau";2,990707493429;Données Consolidées
2016-08;"Fil de l’eau";2,05564333688;Données Consolidées
2016-09;"Fil de l’eau";1,555064898897;Données Consolidées
2016-10;"Fil de l’eau";1,287513353344;Données Consolidées
2016-11;"Fil de l’eau";2,318756652197;Données Consolidées
2016-12;"Fil de l’eau";1,622278474322;Données Consolidées
2017-01;"Fil de l’eau";1,621518502608;Données Consolidées
2017-02;"Fil de l’eau";2,203264268492;Données Consolidées
2017-03;"Fil de l’eau";3,160622856078;Données Consolidées
2017-04;"Fil de l’eau";2,072757137449;Données Consolidées
2017-05;"Fil de l’eau";3,009640262926;Données Consolidées
2017-06;"Fil de l’eau";2,692751627878;Données Consolidées
2017-07;"Fil de l’eau";2,026795937999;Données Consolidées
2017-08;"Fil de l’eau";1,830994132508;Données Consolidées
2017-09;"Fil de l’eau";1,548690922702;Données Consolidées
2017-10;"Fil de l’eau";1,186101852914;Données Consolidées
2017-11;"Fil de l’eau";1,760991122584;Données Consolidées
2017-12;"Fil de l’eau";2,647337673458;Données Consolidées
2018-01;"Fil de l’eau";3,15368111292;Données Consolidées
2018-02;"Fil de l’eau";2,971910573878;Données Consolidées
2018-03;"Fil de l’eau";3,254601321931;Données Consolidées
2018-04;"Fil de l’eau";3,543963329914;Données Consolidées
2018-05;"Fil de l’eau";3,903904946707;Données Consolidées
2018-06;"Fil de l’eau";3,756941209792;Données Consolidées
2018-07;"Fil de l’eau";2,508163737651;Données Consolidées
2018-08;"Fil de l’eau";1,787104034664;Données Consolidées
2018-09;"Fil de l’eau";1,244167767285;Données Consolidées
2018-10;"Fil de l’eau";1,026196733398;Données Consolidées
2018-11;"Fil de l’eau";1,411353322572;Données Consolidées
2018-12;"Fil de l’eau";2,668344509303;Données Consolidées
2019-01;"Fil de l’eau";2,142223766662;Données Consolidées
2019-02;"Fil de l’eau";2,431977187048;Données Consolidées
2019-03;"Fil de l’eau";2,726093445423;Données Consolidées
2019-04;"Fil de l’eau";2,417244238667;Données Consolidées
2019-05;"Fil de l’eau";3,131329907929;Données Consolidées
2019-06;"Fil de l’eau";3,335821434103;Données Consolidées
2019-07;"Fil de l’eau";2,399734555134;Données Consolidées
2019-08;"Fil de l’eau";2,078495207272;Données Consolidées
2019-09;"Fil de l’eau";1,336285861295;Données Consolidées
2019-10;"Fil de l’eau";2,011086308174;Données Consolidées
2019-11;"Fil de l’eau";2,874515408299;Données Consolidées
2019-12;"Fil de l’eau";3,236574614502;Données Consolidées
2020-01;"Fil de l’eau";2,534846974659;Données Consolidées
2020-02;"Fil de l’eau";2,956046358016;Données Consolidées
2020-03;"Fil de l’eau";3,291084909705;Données Consolidées
2020-04;"Fil de l’eau";2,358413629948;Données Consolidées
2020-05;"Fil de l’eau";3,277937613546;Données Consolidées
2020-06;"Fil de l’eau";3,009325502312;Données Consolidées
2020-07;"Fil de l’eau";2,333800421994;Données Consolidées
2020-08;"Fil de l’eau";1,912677258474;Données Consolidées
2020-09;"Fil de l’eau";1,642585930858;Données Consolidées
2020-10;"Fil de l’eau";2,507731450623;Données Consolidées
2020-11;"Fil de l’eau";1,925413844926;Données Consolidées
2020-12;"Fil de l’eau";2,65795679393;Données Consolidées
2021-01;"Fil de l’eau";2,916437655504;Données Consolidées
2021-02;"Fil de l’eau";2,950869028013;Données Consolidées
2021-03;"Fil de l’eau";2,716747911671;Données Consolidées
2021-04;"Fil de l’eau";2,094733109793;Données Consolidées
2021-05;"Fil de l’eau";3,472816096676;Données Consolidées
2021-06;"Fil de l’eau";3,373781086053;Données Consolidées
2021-07;"Fil de l’eau";3,23472795215;Données Consolidées
2021-08;"Fil de l’eau";2,566068782278;Données Consolidées
2021-09;"Fil de l’eau";1,688552568455;Données Consolidées
2021-10;"Fil de l’eau";1,427879784359;Données Consolidées
2021-11;"Fil de l’eau";1,594962606925;Données Consolidées
2021-12;"Fil de l’eau";2,623955111082;Données Consolidées
2022-01;"Fil de l’eau";2,827387411137;Données Consolidées
2022-02;"Fil de l’eau";2,45488371271;Données Consolidées
2022-03;"Fil de l’eau";2,076600699227;Données Consolidées
2022-04;"Fil de l’eau";2,711714599756;Données Consolidées
2022-05;"Fil de l’eau";2,68511270793;Données Consolidées
2022-06;"Fil de l’eau";2,136916903711;Données Consolidées
2022-07;"Fil de l’eau";1,690428834541;Données Consolidées
2022-08;"Fil de l’eau";1,334315964847;Données Consolidées
2022-09;"Fil de l’eau";1,303216317832;Données Consolidées
2022-10;"Fil de l’eau";1,731045363361;Données Consolidées
2022-11;"Fil de l’eau";2,122776928907;Données Consolidées
2022-12;"Fil de l’eau";2,563827632079;Données Consolidées
2023-01;"Fil de l’eau";2,905310403906;Données Consolidées
2023-02;"Fil de l’eau";1,557579450469;Données Consolidées
2023-03;"Fil de l’eau";2,528723912177;Données Consolidées
2023-04;"Fil de l’eau";2,697696638293;Données Consolidées
2023-05;"Fil de l’eau";3,190299721495;Données Consolidées
2023-06;"Fil de l’eau";2,907754514408;Données Consolidées
2023-07;"Fil de l’eau";2,124256904504;Données Consolidées
2023-08;"Fil de l’eau";1,851992671555;Données Consolidées
2023-09;"Fil de l’eau";1,705225479563;Données Consolidées
2023-10;"Fil de l’eau";1,651790041701;Données Consolidées
2023-11;"Fil de l’eau";3,009990579462;Données Consolidées
2023-12;"Fil de l’eau";3,252129951129;Données Consolidées
2024-01;"Fil de l’eau";3,417022187792;Données Consolidées
2024-02;"Fil de l’eau";2,919379083894;Données Consolidées
2024-03;"Fil de l’eau";3,288535828868;Données Consolidées
2024-04;"Fil de l’eau";3,148257669111;Données Consolidées
2024-05;"Fil de l’eau";3,868762750154;Données Consolidées
2024-06;"Fil de l’eau";3,538307611919;Données Consolidées
2024-07;"Fil de l’eau";3,220025821576;Données Consolidées
2024-08;"Fil de l’eau";2,302474211695;Données Consolidées
2024-09;"Fil de l’eau";2,166159269904;Données Consolidées
2024-10;"Fil de l’eau";2,875632584352;Données Consolidées
2024-11;"Fil de l’eau";2,298779136831;Données Consolidées
2024-12;"Fil de l’eau";3,156322091857;Données Consolidées
2025-01;"Fil de l’eau";3,224562967314;Données Consolidées
2025-02;"Fil de l’eau";2,784549273866;Données Consolidées
2025-03;"Fil de l’eau";2,397767228689;Données Consolidées
2025-04;"Fil de l’eau";2,479848487334;Données Consolidées
2025-05;"Fil de l’eau";2,966118140696;Données Consolidées
2025-06;"Fil de l’eau";2,673897622337;Données Consolidées
2025-07;"Fil de l’eau";1,867220201475;Données Consolidées
2025-08;"Fil de l’eau";1,757203513742;Données Consolidées
2025-09;"Fil de l’eau";1,986085875621;Données Consolidées
2025-10;"Fil de l’eau";1,963716084949;Données Consolidées
2025-11;"Fil de l’eau";2,691943669492;Données Consolidées
2014-01;"Lac";1,955206183167;Données Consolidées
2014-02;"Lac";2,194443413668;Données Consolidées
2014-03;"Lac";2,111588246666;Données Consolidées
2014-04;"Lac";1,534763577334;Données Consolidées
2014-05;"Lac";1,292078062833;Données Consolidées
2014-06;"Lac";0,984961404834;Données Consolidées
2014-07;"Lac";1,300952662333;Données Consolidées
2014-08;"Lac";1,082658994335;Données Consolidées
2014-09;"Lac";0,952703413334;Données Consolidées
2014-10;"Lac";0,8199812815;Données Consolidées
2014-11;"Lac";1,142953933;Données Consolidées
2014-12;"Lac";1,589022691667;Données Consolidées
2015-01;"Lac";1,831722065;Données Consolidées
2015-02;"Lac";2,1237195115;Données Consolidées
2015-03;"Lac";1,627723133165;Données Consolidées
2015-04;"Lac";0,96760441;Données Consolidées
2015-05;"Lac";1,1541073095;Données Consolidées
2015-06;"Lac";1,128977491998;Données Consolidées
2015-07;"Lac";0,895015556999;Données Consolidées
2015-08;"Lac";0,817380496001;Données Consolidées
2015-09;"Lac";0,993045657501;Données Consolidées
2015-10;"Lac";1,263154254833;Données Consolidées
2015-11;"Lac";1,054938407501;Données Consolidées
2015-12;"Lac";0,968027753501;Données Consolidées
2016-01;"Lac";1,388760007335;Données Consolidées
2016-02;"Lac";1,945499732001;Données Consolidées
2016-03;"Lac";1,855798471502;Données Consolidées
2016-04;"Lac";1,430484900665;Données Consolidées
2016-05;"Lac";1,044733665002;Données Consolidées
2016-06;"Lac";1,599541712502;Données Consolidées
2016-07;"Lac";1,17296167934;Données Consolidées
2016-08;"Lac";0,936643480831;Données Consolidées
2016-09;"Lac";1,060467297333;Données Consolidées
2016-10;"Lac";0,946340730998;Données Consolidées
2016-11;"Lac";0,872076512998;Données Consolidées
2016-12;"Lac";1,729513943669;Données Consolidées
2017-01;"Lac";2,252039937333;Données Consolidées
2017-02;"Lac";1,0383596365;Données Consolidées
2017-03;"Lac";1,358280416835;Données Consolidées
2017-04;"Lac";0,793965169499;Données Consolidées
2017-05;"Lac";1,1786235725;Données Consolidées
2017-06;"Lac";1,127959443666;Données Consolidées
2017-07;"Lac";0,8684683345;Données Consolidées
2017-08;"Lac";0,858276843831;Données Consolidées
2017-09;"Lac";0,851356975168;Données Consolidées
2017-10;"Lac";0,782890760334;Données Consolidées
2017-11;"Lac";1,137543648165;Données Consolidées
2017-12;"Lac";1,249147389665;Données Consolidées
2018-01;"Lac";2,002318204002;Données Consolidées
2018-02;"Lac";2,387315433832;Données Consolidées
2018-03;"Lac";1,990934115333;Données Consolidées
2018-04;"Lac";1,624315113668;Données Consolidées
2018-05;"Lac";1,814038705666;Données Consolidées
2018-06;"Lac";2,006822872832;Données Consolidées
2018-07;"Lac";1,547240885166;Données Consolidées
2018-08;"Lac";1,150179888333;Données Consolidées
2018-09;"Lac";0,95823420367;Données Consolidées
2018-10;"Lac";0,950160210005;Données Consolidées
2018-11;"Lac";1,364210489833;Données Consolidées
2018-12;"Lac";1,181703647333;Données Consolidées
2019-01;"Lac";1,642220169167;Données Consolidées
2019-02;"Lac";1,3501878535;Données Consolidées
2019-03;"Lac";1,138737203831;Données Consolidées
2019-04;"Lac";0,917456102671;Données Consolidées
2019-05;"Lac";0,941166091834;Données Consolidées
2019-06;"Lac";1,012945145835;Données Consolidées
2019-07;"Lac";0,969215527502;Données Consolidées
2019-08;"Lac";0,891922319331;Données Consolidées
2019-09;"Lac";0,599226339002;Données Consolidées
2019-10;"Lac";0,811923228498;Données Consolidées
2019-11;"Lac";1,836827730502;Données Consolidées
2019-12;"Lac";2,364717999836;Données Consolidées
2020-01;"Lac";2,186527685998;Données Consolidées
2020-02;"Lac";1,875294940331;Données Consolidées
2020-03;"Lac";2,215650667;Données Consolidées
2020-04;"Lac";1,234425466336;Données Consolidées
2020-05;"Lac";1,667565016497;Données Consolidées
2020-06;"Lac";1,841592881168;Données Consolidées
2020-07;"Lac";1,340785480001;Données Consolidées
2020-08;"Lac";1,030945901333;Données Consolidées
2020-09;"Lac";0,876336458832;Données Consolidées
2020-10;"Lac";1,332320579832;Données Consolidées
2020-11;"Lac";1,425440745832;Données Consolidées
2020-12;"Lac";1,586399417999;Données Consolidées
2021-01;"Lac";2,459398708334;Données Consolidées
2021-02;"Lac";2,104121503834;Données Consolidées
2021-03;"Lac";1,629655101329;Données Consolidées
2021-04;"Lac";0,863891130669;Données Consolidées
2021-05;"Lac";1,343500768337;Données Consolidées
2021-06;"Lac";1,546301400832;Données Consolidées
2021-07;"Lac";1,214641629338;Données Consolidées
2021-08;"Lac";0,988728139664;Données Consolidées
2021-09;"Lac";0,959489779337;Données Consolidées
2021-10;"Lac";0,753569170172;Données Consolidées
2021-11;"Lac";1,271044756332;Données Consolidées
2021-12;"Lac";1,176391419499;Données Consolidées
2022-01;"Lac";1,435067191967;Données Consolidées
2022-02;"Lac";0,781623434045;Données Consolidées
2022-03;"Lac";1,09605576441;Données Consolidées
2022-04;"Lac";0,92745221787;Données Consolidées
2022-05;"Lac";0,8974566254;Données Consolidées
2022-06;"Lac";0,921083012319;Données Consolidées
2022-07;"Lac";0,981247543479;Données Consolidées
2022-08;"Lac";0,701165139269;Données Consolidées
2022-09;"Lac";0,47453888398;Données Consolidées
2022-10;"Lac";0,443743865752;Données Consolidées
2022-11;"Lac";0,605892205938;Données Consolidées
2022-12;"Lac";1,19021884224;Données Consolidées
2023-01;"Lac";1,799546014048;Données Consolidées
2023-02;"Lac";1,050493370143;Données Consolidées
2023-03;"Lac";0,926880210453;Données Consolidées
2023-04;"Lac";0,785105415392;Données Consolidées
2023-05;"Lac";0,881540517428;Données Consolidées
2023-06;"Lac";1,500271397704;Données Consolidées
2023-07;"Lac";1,013362608442;Données Consolidées
2023-08;"Lac";0,938091952396;Données Consolidées
2023-09;"Lac";0,779459170431;Données Consolidées
2023-10;"Lac";1,05911781981;Données Consolidées
2023-11;"Lac";1,969259689142;Données Consolidées
2023-12;"Lac";2,205592791942;Données Consolidées
2024-01;"Lac";2,574004500799;Données Consolidées
2024-02;"Lac";1,849984031931;Données Consolidées
2024-03;"Lac";2,270254675978;Données Consolidées
2024-04;"Lac";1,341493682041;Données Consolidées
2024-05;"Lac";1,651003615693;Données Consolidées
2024-06;"Lac";1,567083408335;Données Consolidées
2024-07;"Lac";1,395535546515;Données Consolidées
2024-08;"Lac";1,065180924003;Données Consolidées
2024-09;"Lac";0,957199303189;Données Consolidées
2024-10;"Lac";1,962814299626;Données Consolidées
2024-11;"Lac";1,695179014884;Données Consolidées
2024-12;"Lac";1,876752880009;Données Consolidées
2025-01;"Lac";2,204348554038;Données Consolidées
2025-02;"Lac";2,094286380471;Données Consolidées
2025-03;"Lac";1,507226631243;Données Consolidées
2025-04;"Lac";1,025926004085;Données Consolidées
2025-05;"Lac";0,982050590178;Données Consolidées
2025-06;"Lac";1,193299687355;Données Consolidées
2025-07;"Lac";0,939585494704;Données Consolidées
2025-08;"Lac";0,832876832908;Données Consolidées
2025-09;"Lac";0,739054918184;Données Consolidées
2025-10;"Lac";1,101609522837;Données Consolidées
2025-11;"Lac";1,612925427532;Données Consolidées
2014-01;"STEP";0,577949845;Données Consolidées
2014-02;"STEP";0,59125329;Données Consolidées
2014-03;"STEP";0,548044895;Données Consolidées
2014-04;"STEP";0,542698608;Données Consolidées
2014-05;"STEP";0,61885498;Données Consolidées
2014-06;"STEP";0,610379453;Données Consolidées
2014-07;"STEP";0,622692693;Données Consolidées
2014-08;"STEP";0,561353096;Données Consolidées
2014-09;"STEP";0,460628215;Données Consolidées
2014-10;"STEP";0,560121856;Données Consolidées
2014-11;"STEP";0,482464318;Données Consolidées
2014-12;"STEP";0,545453548;Données Consolidées
2015-01;"STEP";0,453716941;Données Consolidées
2015-02;"STEP";0,513061672;Données Consolidées
2015-03;"STEP";0,544829595;Données Consolidées
2015-04;"STEP";0,463511527;Données Consolidées
2015-05;"STEP";0,684556779;Données Consolidées
2015-06;"STEP";0,739697055;Données Consolidées
2015-07;"STEP";0,506516479;Données Consolidées
2015-08;"STEP";0,427829306;Données Consolidées
2015-09;"STEP";0,300054386;Données Consolidées
2015-10;"STEP";0,378540428;Données Consolidées
2015-11;"STEP";0,431514036;Données Consolidées
2015-12;"STEP";0,55329008;Données Consolidées
2016-01;"STEP";0,557901204;Données Consolidées
2016-02;"STEP";0,53703179;Données Consolidées
2016-03;"STEP";0,554950872;Données Consolidées
2016-04;"STEP";0,434026925;Données Consolidées
2016-05;"STEP";0,590314704;Données Consolidées
2016-06;"STEP";0,617650928;Données Consolidées
2016-07;"STEP";0,488751542;Données Consolidées
2016-08;"STEP";0,50071503;Données Consolidées
2016-09;"STEP";0,389463182;Données Consolidées
2016-10;"STEP";0,43661238;Données Consolidées
2016-11;"STEP";0,407160352;Données Consolidées
2016-12;"STEP";0,447598714;Données Consolidées
2017-01;"STEP";0,550543096;Données Consolidées
2017-02;"STEP";0,469016981;Données Consolidées
2017-03;"STEP";0,548210045;Données Consolidées
2017-04;"STEP";0,506933944;Données Consolidées
2017-05;"STEP";0,566803967;Données Consolidées
2017-06;"STEP";0,540623379;Données Consolidées
2017-07;"STEP";0,464340509;Données Consolidées
2017-08;"STEP";0,43177539;Données Consolidées
2017-09;"STEP";0,337943554;Données Consolidées
2017-10;"STEP";0,447432673;Données Consolidées
2017-11;"STEP";0,539859778;Données Consolidées
2017-12;"STEP";0,546183104;Données Consolidées
2018-01;"STEP";0,57417383;Données Consolidées
2018-02;"STEP";0,551205756;Données Consolidées
2018-03;"STEP";0,529597847;Données Consolidées
2018-04;"STEP";0,448397896;Données Consolidées
2018-05;"STEP";0,546766231;Données Consolidées
2018-06;"STEP";0,50290012;Données Consolidées
2018-07;"STEP";0,464433029;Données Consolidées
2018-08;"STEP";0,450637251;Données Consolidées
2018-09;"STEP";0,424340302;Données Consolidées
2018-10;"STEP";0,544990643;Données Consolidées
2018-11;"STEP";0,51795025;Données Consolidées
2018-12;"STEP";0,527187348;Données Consolidées
2019-01;"STEP";0,504790644;Données Consolidées
2019-02;"STEP";0,416336746;Données Consolidées
2019-03;"STEP";0,452834802;Données Consolidées
2019-04;"STEP";0,405124165;Données Consolidées
2019-05;"STEP";0,492198563;Données Consolidées
2019-06;"STEP";0,5397706;Données Consolidées
2019-07;"STEP";0,481722455;Données Consolidées
2019-08;"STEP";0,407338498;Données Consolidées
2019-09;"STEP";0,349986601;Données Consolidées
2019-10;"STEP";0,410984621;Données Consolidées
2019-11;"STEP";0,548286988;Données Consolidées
2019-12;"STEP";0,595393845;Données Consolidées
2020-01;"STEP";0,531454212;Données Consolidées
2020-02;"STEP";0,493555357;Données Consolidées
2020-03;"STEP";0,514869489;Données Consolidées
2020-04;"STEP";0,574374846;Données Consolidées
2020-05;"STEP";0,581224424;Données Consolidées
2020-06;"STEP";0,570950058;Données Consolidées
2020-07;"STEP";0,340470609;Données Consolidées
2020-08;"STEP";0,322450969;Données Consolidées
2020-09;"STEP";0,396887457;Données Consolidées
2020-10;"STEP";0,45398711;Données Consolidées
2020-11;"STEP";0,474808248;Données Consolidées
2020-12;"STEP";0,482095467;Données Consolidées
2021-01;"STEP";0,532774182;Données Consolidées
2021-02;"STEP";0,437539559;Données Consolidées
2021-03;"STEP";0,549477728;Données Consolidées
2021-04;"STEP";0,372751812;Données Consolidées
2021-05;"STEP";0,386475905;Données Consolidées
2021-06;"STEP";0,431366367;Données Consolidées
2021-07;"STEP";0,348502142;Données Consolidées
2021-08;"STEP";0,353833401;Données Consolidées
2021-09;"STEP";0,313605953;Données Consolidées
2021-10;"STEP";0,425920684;Données Consolidées
2021-11;"STEP";0,546231235;Données Consolidées
2021-12;"STEP";0,597295987;Données Consolidées
2022-01;"STEP";0,569199363925;Données Consolidées
2022-02;"STEP";0,456953142988;Données Consolidées
2022-03;"STEP";0,580407212921;Données Consolidées
2022-04;"STEP";0,492835988131;Données Consolidées
2022-05;"STEP";0,566874656356;Données Consolidées
2022-06;"STEP";0,429570748129;Données Consolidées
2022-07;"STEP";0,403851431152;Données Consolidées
2022-08;"STEP";0,375397109779;Données Consolidées
2022-09;"STEP";0,418891878292;Données Consolidées
2022-10;"STEP";0,546193627215;Données Consolidées
2022-11;"STEP";0,632348113888;Données Consolidées
2022-12;"STEP";0,614391680352;Données Consolidées
2023-01;"STEP";0,66426135054;Données Consolidées
2023-02;"STEP";0,432183825555;Données Consolidées
2023-03;"STEP";0,330668878678;Données Consolidées
2023-04;"STEP";0,317302651523;Données Consolidées
2023-05;"STEP";0,384574106087;Données Consolidées
2023-06;"STEP";0,434365933289;Données Consolidées
2023-07;"STEP";0,382015550899;Données Consolidées
2023-08;"STEP";0,375658338878;Données Consolidées
2023-09;"STEP";0,355672017392;Données Consolidées
2023-10;"STEP";0,350935139607;Données Consolidées
2023-11;"STEP";0,503720990239;Données Consolidées
2023-12;"STEP";0,576791661658;Données Consolidées
2024-01;"STEP";0,584455802606;Données Consolidées
2024-02;"STEP";0,562518314019;Données Consolidées
2024-03;"STEP";0,549296109404;Données Consolidées
2024-04;"STEP";0,596741283993;Données Consolidées
2024-05;"STEP";0,715275081238;Données Consolidées
2024-06;"STEP";0,578149697752;Données Consolidées
2024-07;"STEP";0,562721756508;Données Consolidées
2024-08;"STEP";0,471059376803;Données Consolidées
2024-09;"STEP";0,394477420366;Données Consolidées
2024-10;"STEP";0,539841808615;Données Consolidées
2024-11;"STEP";0,4304117756;Données Consolidées
2024-12;"STEP";0,590249345474;Données Consolidées
2025-01;"STEP";0,540184510734;Données Consolidées
2025-02;"STEP";0,490542762025;Données Consolidées
2025-03;"STEP";0,62393079228;Données Consolidées
2025-04;"STEP";0,60448778082;Données Consolidées
2025-05;"STEP";0,619846208113;Données Consolidées
2025-06;"STEP";0,602753761468;Données Consolidées
2025-07;"STEP";0,503179067226;Données Consolidées
2025-08;"STEP";0,453208130575;Données Consolidées
2025-09;"STEP";0,57690533369;Données Consolidées
2025-10;"STEP";0,539263053762;Données Consolidées
2025-11;"STEP";0,589474557278;Données Consolidées
